[
  {
    "outlet": "Kuwa Koffie x Mulih Ka Uwa",
    "foto": 1560,
    "unlock": 219,
    "print": 229,
    "activeRatio": 0.78125,
    "weekendShare": 0.5239043824701195,
    "eveningPeakShare": 0.4025641025641026,
    "hourProfile": [
      79,
      94,
      71,
      56,
      39,
      13,
      39,
      21,
      9,
      13,
      19,
      27,
      28,
      51,
      41,
      35,
      74,
      101,
      111,
      126,
      150,
      140,
      111,
      112
    ],
    "class": "optimize-conversion"
  },
  {
    "outlet": "Batavia PIK",
    "foto": 1656,
    "unlock": 297,
    "print": 316,
    "activeRatio": 0.875,
    "weekendShare": 0.47994711326575584,
    "eveningPeakShare": 0.5247584541062802,
    "hourProfile": [
      120,
      56,
      43,
      17,
      10,
      2,
      11,
      32,
      33,
      15,
      24,
      8,
      8,
      12,
      11,
      19,
      70,
      133,
      173,
      191,
      192,
      180,
      172,
      124
    ],
    "class": "monitor"
  },
  {
    "outlet": "Sarinah Dewata",
    "foto": 1153,
    "unlock": 360,
    "print": 401,
    "activeRatio": 0.96875,
    "weekendShare": 0.5261233019853709,
    "eveningPeakShare": 0.4891587163920208,
    "hourProfile": [
      19,
      2,
      0,
      1,
      5,
      2,
      5,
      20,
      40,
      61,
      58,
      43,
      33,
      34,
      39,
      59,
      95,
      105,
      89,
      127,
      122,
      121,
      60,
      13
    ],
    "class": "monitor"
  },
  {
    "outlet": "Teras Samarinda",
    "foto": 3920,
    "unlock": 933,
    "print": 997,
    "activeRatio": 1,
    "weekendShare": 0.418974358974359,
    "eveningPeakShare": 0.4035714285714286,
    "hourProfile": [
      220,
      157,
      84,
      50,
      25,
      67,
      130,
      145,
      94,
      99,
      49,
      66,
      61,
      62,
      107,
      136,
      269,
      329,
      295,
      323,
      347,
      288,
      291,
      226
    ],
    "class": "keeper"
  },
  {
    "outlet": "Kembali Ke Alam Puncak",
    "foto": 3630,
    "unlock": 729,
    "print": 764,
    "activeRatio": 1,
    "weekendShare": 0.4735506539137224,
    "eveningPeakShare": 0.256198347107438,
    "hourProfile": [
      201,
      146,
      145,
      139,
      104,
      91,
      83,
      80,
      77,
      80,
      113,
      157,
      172,
      177,
      189,
      190,
      175,
      194,
      179,
      193,
      177,
      187,
      185,
      196
    ],
    "class": "keeper"
  },
  {
    "outlet": "Taman Lapangan Banteng",
    "foto": 5120,
    "unlock": 761,
    "print": 791,
    "activeRatio": 1,
    "weekendShare": 0.4655275779376499,
    "eveningPeakShare": 0.38671875,
    "hourProfile": [
      99,
      46,
      34,
      15,
      29,
      16,
      66,
      202,
      228,
      206,
      210,
      237,
      232,
      229,
      265,
      288,
      356,
      400,
      389,
      426,
      420,
      345,
      231,
      151
    ],
    "class": "optimize-conversion"
  },
  {
    "outlet": "Beachwalk Mall Kuta - Gate",
    "foto": 2036,
    "unlock": 364,
    "print": 340,
    "activeRatio": 1,
    "weekendShare": 0.36532846715328465,
    "eveningPeakShare": 0.5795677799607073,
    "hourProfile": [
      15,
      6,
      1,
      1,
      10,
      13,
      25,
      22,
      39,
      26,
      30,
      25,
      40,
      39,
      65,
      116,
      140,
      220,
      210,
      230,
      247,
      273,
      195,
      48
    ],
    "class": "monitor"
  },
  {
    "outlet": "Taman Literasi Jakarta",
    "foto": 2392,
    "unlock": 255,
    "print": 271,
    "activeRatio": 1,
    "weekendShare": 0.5215901302261823,
    "eveningPeakShare": 0.41011705685618727,
    "hourProfile": [
      67,
      60,
      55,
      25,
      4,
      3,
      11,
      38,
      61,
      70,
      72,
      64,
      119,
      80,
      89,
      111,
      157,
      178,
      199,
      203,
      207,
      194,
      200,
      125
    ],
    "class": "optimize-conversion"
  },
  {
    "outlet": "HeHa Sky View - Sky Lolli",
    "foto": 824,
    "unlock": 110,
    "print": 115,
    "activeRatio": 0.9375,
    "weekendShare": 0.3956148713060057,
    "eveningPeakShare": 0.6905339805825242,
    "hourProfile": [
      0,
      0,
      0,
      0,
      0,
      0,
      0,
      9,
      11,
      17,
      23,
      11,
      16,
      18,
      21,
      32,
      76,
      134,
      192,
      126,
      85,
      32,
      20,
      1
    ],
    "class": "relocate-candidate"
  },
  {
    "outlet": "Kayumanis Seaside Sanur",
    "foto": 1295,
    "unlock": 181,
    "print": 196,
    "activeRatio": 0.6875,
    "weekendShare": 0.33791866028708134,
    "eveningPeakShare": 0.461003861003861,
    "hourProfile": [
      2,
      8,
      0,
      0,
      4,
      25,
      31,
      62,
      57,
      59,
      47,
      44,
      40,
      46,
      53,
      46,
      88,
      115,
      139,
      126,
      120,
      97,
      80,
      6
    ],
    "class": "optimize-conversion"
  },
  {
    "outlet": "Florawisata D'Castello",
    "foto": 539,
    "unlock": 63,
    "print": 67,
    "activeRatio": 0.84375,
    "weekendShare": 0.6292974588938715,
    "eveningPeakShare": 0.10946196660482375,
    "hourProfile": [
      1,
      2,
      1,
      2,
      1,
      2,
      2,
      6,
      9,
      14,
      50,
      52,
      64,
      68,
      93,
      60,
      38,
      24,
      14,
      11,
      6,
      4,
      12,
      3
    ],
    "class": "relocate-candidate"
  },
  {
    "outlet": "The Alana Hotel & Conference Center Sentul City",
    "foto": 401,
    "unlock": 90,
    "print": 98,
    "activeRatio": 0.90625,
    "weekendShare": 0.5432937181663837,
    "eveningPeakShare": 0.30673316708229426,
    "hourProfile": [
      6,
      1,
      1,
      0,
      0,
      1,
      5,
      16,
      24,
      27,
      23,
      18,
      24,
      14,
      28,
      33,
      35,
      41,
      28,
      16,
      17,
      21,
      18,
      4
    ],
    "class": "monitor"
  },
  {
    "outlet": "Beachwalk Vacation",
    "foto": 0,
    "unlock": 76,
    "print": 0,
    "activeRatio": 0.5,
    "weekendShare": 0.21052631578947367,
    "eveningPeakShare": 0,
    "hourProfile": [
      0,
      0,
      0,
      0,
      0,
      0,
      0,
      0,
      0,
      0,
      0,
      0,
      0,
      0,
      0,
      0,
      0,
      0,
      0,
      0,
      0,
      0,
      0,
      0
    ],
    "class": "relocate-candidate"
  },
  {
    "outlet": "Aloha - PIK 2",
    "foto": 2571,
    "unlock": 641,
    "print": 711,
    "activeRatio": 0.96875,
    "weekendShare": 0.48789191944940097,
    "eveningPeakShare": 0.43368339167639053,
    "hourProfile": [
      5,
      4,
      2,
      1,
      2,
      1,
      1,
      16,
      37,
      63,
      113,
      139,
      135,
      150,
      180,
      222,
      231,
      237,
      247,
      233,
      215,
      183,
      110,
      44
    ],
    "class": "keeper"
  },
  {
    "outlet": "Mall Bali Icon",
    "foto": 2690,
    "unlock": 482,
    "print": 508,
    "activeRatio": 1,
    "weekendShare": 0.37119565217391304,
    "eveningPeakShare": 0.5765799256505576,
    "hourProfile": [
      14,
      4,
      14,
      2,
      19,
      33,
      41,
      23,
      45,
      30,
      48,
      67,
      87,
      109,
      123,
      168,
      254,
      414,
      329,
      331,
      328,
      149,
      28,
      30
    ],
    "class": "monitor"
  },
  {
    "outlet": "Aeon Deltamas - Entrance",
    "foto": 1935,
    "unlock": 322,
    "print": 340,
    "activeRatio": 0.96875,
    "weekendShare": 0.4582210242587601,
    "eveningPeakShare": 0.5555555555555556,
    "hourProfile": [
      5,
      1,
      4,
      0,
      0,
      0,
      6,
      4,
      9,
      17,
      38,
      53,
      89,
      109,
      133,
      130,
      153,
      211,
      159,
      217,
      221,
      267,
      107,
      2
    ],
    "class": "monitor"
  },
  {
    "outlet": "Flavor Bliss & Broadway Alam Sutera",
    "foto": 869,
    "unlock": 215,
    "print": 242,
    "activeRatio": 0.96875,
    "weekendShare": 0.5874811463046757,
    "eveningPeakShare": 0.5995397008055235,
    "hourProfile": [
      0,
      1,
      1,
      1,
      0,
      0,
      0,
      7,
      12,
      9,
      11,
      10,
      29,
      29,
      46,
      57,
      73,
      84,
      70,
      105,
      132,
      130,
      60,
      2
    ],
    "class": "monitor"
  },
  {
    "outlet": "Ancol LB",
    "foto": 413,
    "unlock": 59,
    "print": 62,
    "activeRatio": 0.1875,
    "weekendShare": 0.3913857677902622,
    "eveningPeakShare": 0.585956416464891,
    "hourProfile": [
      0,
      0,
      0,
      0,
      0,
      0,
      15,
      6,
      9,
      5,
      7,
      14,
      14,
      13,
      19,
      19,
      22,
      58,
      51,
      64,
      49,
      20,
      10,
      18
    ],
    "class": "relocate-candidate"
  },
  {
    "outlet": "JGC",
    "foto": 1952,
    "unlock": 215,
    "print": 227,
    "activeRatio": 0.96875,
    "weekendShare": 0.5622389306599833,
    "eveningPeakShare": 0.6654713114754098,
    "hourProfile": [
      0,
      0,
      3,
      0,
      0,
      0,
      0,
      5,
      5,
      9,
      23,
      33,
      54,
      84,
      77,
      143,
      208,
      303,
      271,
      279,
      238,
      208,
      9,
      0
    ],
    "class": "optimize-conversion"
  },
  {
    "outlet": "Ancol LB 2",
    "foto": 1914,
    "unlock": 333,
    "print": 374,
    "activeRatio": 0.96875,
    "weekendShare": 0.3784814956123617,
    "eveningPeakShare": 0.45820271682340646,
    "hourProfile": [
      46,
      6,
      3,
      0,
      2,
      11,
      54,
      99,
      89,
      77,
      60,
      31,
      39,
      50,
      64,
      99,
      98,
      182,
      154,
      229,
      156,
      156,
      105,
      104
    ],
    "class": "monitor"
  },
  {
    "outlet": "Discovery Mall Icon",
    "foto": 1354,
    "unlock": 320,
    "print": 333,
    "activeRatio": 1,
    "weekendShare": 0.45241654210264076,
    "eveningPeakShare": 0.7548005908419497,
    "hourProfile": [
      4,
      7,
      4,
      2,
      2,
      8,
      11,
      10,
      25,
      20,
      19,
      31,
      26,
      26,
      21,
      28,
      66,
      284,
      231,
      244,
      183,
      80,
      17,
      5
    ],
    "class": "keeper"
  },
  {
    "outlet": "Stuja Di Pantai",
    "foto": 1657,
    "unlock": 673,
    "print": 764,
    "activeRatio": 1,
    "weekendShare": 0.42210730446024564,
    "eveningPeakShare": 0.3771876885938443,
    "hourProfile": [
      0,
      0,
      0,
      0,
      10,
      35,
      61,
      89,
      116,
      110,
      85,
      88,
      82,
      55,
      73,
      90,
      111,
      137,
      126,
      136,
      128,
      98,
      27,
      0
    ],
    "class": "keeper"
  },
  {
    "outlet": "Taman Ismail Marzuki",
    "foto": 1846,
    "unlock": 293,
    "print": 306,
    "activeRatio": 0.96875,
    "weekendShare": 0.47075664621676894,
    "eveningPeakShare": 0.4723726977248104,
    "hourProfile": [
      6,
      2,
      3,
      1,
      0,
      0,
      8,
      24,
      51,
      42,
      56,
      68,
      113,
      114,
      111,
      130,
      191,
      203,
      171,
      189,
      150,
      159,
      41,
      13
    ],
    "class": "monitor"
  },
  {
    "outlet": "Hoolu Burger",
    "foto": 479,
    "unlock": 221,
    "print": 240,
    "activeRatio": 0.53125,
    "weekendShare": 0.42127659574468085,
    "eveningPeakShare": 0.37995824634655534,
    "hourProfile": [
      23,
      21,
      11,
      3,
      8,
      3,
      1,
      8,
      7,
      3,
      8,
      18,
      20,
      39,
      23,
      17,
      25,
      23,
      35,
      29,
      50,
      45,
      37,
      22
    ],
    "class": "monitor"
  },
  {
    "outlet": "HeHa Sky View - Love Lock",
    "foto": 1317,
    "unlock": 243,
    "print": 231,
    "activeRatio": 0.875,
    "weekendShare": 0.5343383584589615,
    "eveningPeakShare": 0.5474563401670464,
    "hourProfile": [
      0,
      0,
      0,
      0,
      0,
      0,
      0,
      5,
      16,
      34,
      66,
      46,
      43,
      47,
      59,
      114,
      162,
      194,
      192,
      139,
      130,
      66,
      4,
      0
    ],
    "class": "monitor"
  },
  {
    "outlet": "The Keranjang Bali",
    "foto": 987,
    "unlock": 325,
    "print": 368,
    "activeRatio": 0.90625,
    "weekendShare": 0.36428571428571427,
    "eveningPeakShare": 0.3232016210739615,
    "hourProfile": [
      0,
      0,
      0,
      0,
      0,
      0,
      0,
      5,
      41,
      50,
      62,
      90,
      103,
      80,
      102,
      78,
      55,
      87,
      90,
      100,
      37,
      5,
      2,
      0
    ],
    "class": "monitor"
  },
  {
    "outlet": "HeHa Waterfall",
    "foto": 1078,
    "unlock": 154,
    "print": 162,
    "activeRatio": 0.96875,
    "weekendShare": 0.4096126255380201,
    "eveningPeakShare": 0.3432282003710575,
    "hourProfile": [
      0,
      0,
      0,
      0,
      0,
      1,
      9,
      12,
      19,
      52,
      99,
      82,
      79,
      67,
      66,
      83,
      131,
      151,
      111,
      60,
      36,
      12,
      8,
      0
    ],
    "class": "monitor"
  },
  {
    "outlet": "Kopi Daong - Hutan Pinus",
    "foto": 983,
    "unlock": 305,
    "print": 326,
    "activeRatio": 0.9375,
    "weekendShare": 0.557001239157373,
    "eveningPeakShare": 0.2644964394710071,
    "hourProfile": [
      0,
      0,
      0,
      0,
      0,
      0,
      1,
      3,
      12,
      19,
      48,
      60,
      67,
      94,
      128,
      149,
      141,
      156,
      69,
      20,
      13,
      2,
      0,
      1
    ],
    "class": "monitor"
  },
  {
    "outlet": "Museum Mandiri Jakarta",
    "foto": 766,
    "unlock": 195,
    "print": 216,
    "activeRatio": 0.9375,
    "weekendShare": 0.6652506372132541,
    "eveningPeakShare": 0.0587467362924282,
    "hourProfile": [
      0,
      0,
      0,
      0,
      0,
      0,
      0,
      3,
      27,
      55,
      71,
      103,
      104,
      115,
      121,
      77,
      40,
      19,
      17,
      3,
      4,
      2,
      5,
      0
    ],
    "class": "monitor"
  },
  {
    "outlet": "Senayan Park",
    "foto": 1060,
    "unlock": 225,
    "print": 244,
    "activeRatio": 0.96875,
    "weekendShare": 0.4787442773054284,
    "eveningPeakShare": 0.5452830188679245,
    "hourProfile": [
      9,
      2,
      1,
      5,
      0,
      2,
      7,
      14,
      19,
      26,
      12,
      16,
      22,
      32,
      22,
      60,
      92,
      99,
      93,
      116,
      137,
      133,
      111,
      30
    ],
    "class": "monitor"
  },
  {
    "outlet": "Senayan Park 2",
    "foto": 1552,
    "unlock": 399,
    "print": 415,
    "activeRatio": 0.96875,
    "weekendShare": 0.5316990701606086,
    "eveningPeakShare": 0.6630154639175257,
    "hourProfile": [
      0,
      0,
      0,
      0,
      0,
      0,
      0,
      4,
      4,
      6,
      25,
      28,
      45,
      62,
      89,
      113,
      136,
      205,
      204,
      207,
      233,
      180,
      11,
      0
    ],
    "class": "keeper"
  },
  {
    "outlet": "Vacation Hotel Sheraton",
    "foto": 81,
    "unlock": 0,
    "print": 0,
    "activeRatio": 0.78125,
    "weekendShare": 0.20618556701030927,
    "eveningPeakShare": 0.345679012345679,
    "hourProfile": [
      0,
      0,
      0,
      0,
      0,
      0,
      0,
      0,
      0,
      0,
      7,
      20,
      7,
      5,
      4,
      6,
      4,
      18,
      10,
      0,
      0,
      0,
      0,
      0
    ],
    "class": "relocate-candidate"
  },
  {
    "outlet": "Zonablu x Gofit",
    "foto": 1480,
    "unlock": 673,
    "print": 690,
    "activeRatio": 0.96875,
    "weekendShare": 0.5258529722124516,
    "eveningPeakShare": 0.6108108108108108,
    "hourProfile": [
      4,
      0,
      0,
      0,
      0,
      2,
      9,
      52,
      121,
      121,
      66,
      29,
      21,
      21,
      14,
      20,
      70,
      115,
      213,
      221,
      201,
      154,
      20,
      6
    ],
    "class": "keeper"
  },
  {
    "outlet": "JakartaLoc",
    "foto": 424,
    "unlock": 98,
    "print": 91,
    "activeRatio": 0.4375,
    "weekendShare": 0.35889070146818924,
    "eveningPeakShare": 0.49292452830188677,
    "hourProfile": [
      19,
      31,
      0,
      2,
      0,
      0,
      0,
      0,
      4,
      4,
      5,
      4,
      5,
      6,
      7,
      19,
      34,
      14,
      26,
      50,
      70,
      49,
      62,
      13
    ],
    "class": "check-uptime/ops"
  },
  {
    "outlet": "Buy Local Creative Zone by JXB",
    "foto": 1013,
    "unlock": 141,
    "print": 149,
    "activeRatio": 0.96875,
    "weekendShare": 0.5026861089792786,
    "eveningPeakShare": 0.33563672260612043,
    "hourProfile": [
      61,
      52,
      38,
      42,
      11,
      6,
      6,
      19,
      47,
      28,
      29,
      13,
      23,
      20,
      33,
      42,
      48,
      43,
      37,
      50,
      112,
      98,
      78,
      77
    ],
    "class": "monitor"
  },
  {
    "outlet": "Sarinah Kolam",
    "foto": 1221,
    "unlock": 458,
    "print": 490,
    "activeRatio": 0.90625,
    "weekendShare": 0.5085292761641309,
    "eveningPeakShare": 0.5708435708435708,
    "hourProfile": [
      34,
      2,
      2,
      2,
      0,
      0,
      3,
      19,
      43,
      47,
      32,
      28,
      22,
      35,
      31,
      32,
      64,
      97,
      121,
      148,
      171,
      160,
      104,
      24
    ],
    "class": "monitor"
  },
  {
    "outlet": "Discovery Mall Vacation",
    "foto": 0,
    "unlock": 14,
    "print": 0,
    "activeRatio": 0.21875,
    "weekendShare": 0.14285714285714285,
    "eveningPeakShare": 0,
    "hourProfile": [
      0,
      0,
      0,
      0,
      0,
      0,
      0,
      0,
      0,
      0,
      0,
      0,
      0,
      0,
      0,
      0,
      0,
      0,
      0,
      0,
      0,
      0,
      0,
      0
    ],
    "class": "relocate-candidate"
  },
  {
    "outlet": "Tokyo Hub",
    "foto": 2,
    "unlock": 0,
    "print": 0,
    "activeRatio": 0.03125,
    "weekendShare": 0,
    "eveningPeakShare": 1,
    "hourProfile": [
      0,
      0,
      0,
      0,
      0,
      0,
      0,
      0,
      0,
      0,
      0,
      0,
      0,
      0,
      0,
      0,
      0,
      2,
      0,
      0,
      0,
      0,
      0,
      0
    ],
    "class": "relocate-candidate"
  },
  {
    "outlet": "GWK Vacation",
    "foto": 0,
    "unlock": 13,
    "print": 0,
    "activeRatio": 0.09375,
    "weekendShare": 0.46153846153846156,
    "eveningPeakShare": 0,
    "hourProfile": [
      0,
      0,
      0,
      0,
      0,
      0,
      0,
      0,
      0,
      0,
      0,
      0,
      0,
      0,
      0,
      0,
      0,
      0,
      0,
      0,
      0,
      0,
      0,
      0
    ],
    "class": "relocate-candidate"
  },
  {
    "outlet": "Hoolu Buerger",
    "foto": 23,
    "unlock": 6,
    "print": 7,
    "activeRatio": 0.0625,
    "weekendShare": 0,
    "eveningPeakShare": 0,
    "hourProfile": [
      1,
      1,
      0,
      0,
      0,
      0,
      0,
      3,
      0,
      7,
      1,
      0,
      0,
      0,
      0,
      0,
      0,
      0,
      0,
      0,
      0,
      0,
      3,
      7
    ],
    "class": "check-uptime/ops"
  },
  {
    "outlet": "ARYADUTA Lippo Village",
    "foto": 2,
    "unlock": 0,
    "print": 0,
    "activeRatio": 0.03125,
    "weekendShare": 1,
    "eveningPeakShare": 0,
    "hourProfile": [
      0,
      0,
      0,
      0,
      0,
      0,
      0,
      0,
      0,
      0,
      0,
      0,
      0,
      0,
      0,
      2,
      0,
      0,
      0,
      0,
      0,
      0,
      0,
      0
    ],
    "class": "relocate-candidate"
  },
  {
    "outlet": "Myloc Coffe & Cafe",
    "foto": 59,
    "unlock": 14,
    "print": 18,
    "activeRatio": 0.1875,
    "weekendShare": 0.4065934065934066,
    "eveningPeakShare": 0.6101694915254238,
    "hourProfile": [
      0,
      0,
      0,
      0,
      0,
      0,
      0,
      0,
      0,
      1,
      3,
      2,
      0,
      3,
      2,
      2,
      2,
      3,
      11,
      10,
      5,
      7,
      6,
      2
    ],
    "class": "check-uptime/ops"
  },
  {
    "outlet": "Transjakarta - Halte Tosari",
    "foto": 0,
    "unlock": 1,
    "print": 0,
    "activeRatio": 0.03125,
    "weekendShare": 0,
    "eveningPeakShare": 0,
    "hourProfile": [
      0,
      0,
      0,
      0,
      0,
      0,
      0,
      0,
      0,
      0,
      0,
      0,
      0,
      0,
      0,
      0,
      0,
      0,
      0,
      0,
      0,
      0,
      0,
      0
    ],
    "class": "relocate-candidate"
  },
  {
    "outlet": "Aeon Deltamas - LED",
    "foto": 98,
    "unlock": 2,
    "print": 3,
    "activeRatio": 0.09375,
    "weekendShare": 0.8446601941747572,
    "eveningPeakShare": 0.46938775510204084,
    "hourProfile": [
      0,
      0,
      0,
      0,
      0,
      0,
      0,
      1,
      2,
      1,
      0,
      5,
      6,
      6,
      13,
      12,
      1,
      10,
      7,
      12,
      12,
      5,
      4,
      1
    ],
    "class": "relocate-candidate"
  }
]