[
  {
    "outlet": "Aeon Deltamas - Entrance",
    "foto": 774,
    "unlock": 103,
    "print": 103,
    "activeRatio": 0.9230769230769231,
    "weekendShare": 0.4704081632653061,
    "eveningPeakShare": 0.5671834625322998,
    "hourProfile": [
      0,
      0,
      0,
      0,
      0,
      0,
      0,
      4,
      14,
      17,
      16,
      24,
      32,
      48,
      45,
      41,
      56,
      82,
      92,
      91,
      73,
      101,
      38,
      0
    ],
    "class": "relocate-candidate"
  },
  {
    "outlet": "HeHa Waterfall",
    "foto": 767,
    "unlock": 142,
    "print": 156,
    "activeRatio": 0.9615384615384616,
    "weekendShare": 0.38779342723004695,
    "eveningPeakShare": 0.28292046936114734,
    "hourProfile": [
      0,
      0,
      1,
      0,
      0,
      1,
      9,
      18,
      34,
      54,
      82,
      70,
      50,
      44,
      56,
      70,
      53,
      57,
      60,
      51,
      39,
      10,
      4,
      4
    ],
    "class": "monitor"
  },
  {
    "outlet": "The Keranjang Bali",
    "foto": 1043,
    "unlock": 347,
    "print": 386,
    "activeRatio": 0.9615384615384616,
    "weekendShare": 0.3113738738738739,
    "eveningPeakShare": 0.23873441994247363,
    "hourProfile": [
      0,
      0,
      0,
      0,
      0,
      0,
      4,
      10,
      57,
      78,
      85,
      108,
      103,
      93,
      90,
      90,
      73,
      81,
      66,
      76,
      23,
      3,
      2,
      1
    ],
    "class": "keeper"
  },
  {
    "outlet": "HeHa Sky View - Love Lock",
    "foto": 1003,
    "unlock": 228,
    "print": 253,
    "activeRatio": 0.8846153846153846,
    "weekendShare": 0.4454177897574124,
    "eveningPeakShare": 0.5633100697906281,
    "hourProfile": [
      0,
      0,
      0,
      0,
      0,
      0,
      1,
      3,
      8,
      15,
      50,
      40,
      40,
      43,
      36,
      80,
      119,
      162,
      133,
      118,
      98,
      54,
      2,
      1
    ],
    "class": "keeper"
  },
  {
    "outlet": "Taman Literasi Jakarta",
    "foto": 1704,
    "unlock": 216,
    "print": 229,
    "activeRatio": 1,
    "weekendShare": 0.41740344346207536,
    "eveningPeakShare": 0.3767605633802817,
    "hourProfile": [
      52,
      49,
      22,
      11,
      2,
      0,
      15,
      12,
      24,
      26,
      46,
      64,
      65,
      88,
      109,
      117,
      117,
      125,
      122,
      116,
      156,
      123,
      150,
      93
    ],
    "class": "optimize-conversion"
  },
  {
    "outlet": "JGC",
    "foto": 1614,
    "unlock": 136,
    "print": 148,
    "activeRatio": 0.9615384615384616,
    "weekendShare": 0.4430979978925184,
    "eveningPeakShare": 0.6245353159851301,
    "hourProfile": [
      0,
      0,
      0,
      0,
      0,
      0,
      0,
      5,
      5,
      6,
      21,
      46,
      68,
      62,
      80,
      135,
      167,
      237,
      222,
      219,
      192,
      138,
      11,
      0
    ],
    "class": "optimize-conversion"
  },
  {
    "outlet": "Mall Bali Icon",
    "foto": 1536,
    "unlock": 315,
    "print": 327,
    "activeRatio": 0.9615384615384616,
    "weekendShare": 0.3039485766758494,
    "eveningPeakShare": 0.541015625,
    "hourProfile": [
      3,
      0,
      1,
      1,
      1,
      11,
      13,
      10,
      25,
      33,
      54,
      46,
      58,
      47,
      96,
      116,
      155,
      216,
      163,
      188,
      180,
      84,
      30,
      5
    ],
    "class": "monitor"
  },
  {
    "outlet": "Taman Ismail Marzuki",
    "foto": 1441,
    "unlock": 299,
    "print": 308,
    "activeRatio": 0.9615384615384616,
    "weekendShare": 0.4521484375,
    "eveningPeakShare": 0.49687716863289383,
    "hourProfile": [
      0,
      1,
      0,
      1,
      0,
      3,
      4,
      30,
      30,
      34,
      35,
      53,
      78,
      84,
      94,
      113,
      128,
      140,
      168,
      144,
      147,
      117,
      36,
      1
    ],
    "class": "keeper"
  },
  {
    "outlet": "Buy Local Creative Zone by JXB",
    "foto": 617,
    "unlock": 66,
    "print": 63,
    "activeRatio": 0.6538461538461539,
    "weekendShare": 0.3753351206434316,
    "eveningPeakShare": 0.27228525121555913,
    "hourProfile": [
      71,
      66,
      42,
      9,
      9,
      12,
      5,
      6,
      20,
      13,
      14,
      10,
      9,
      16,
      12,
      21,
      16,
      20,
      16,
      21,
      45,
      66,
      55,
      43
    ],
    "class": "relocate-candidate"
  },
  {
    "outlet": "Aloha - PIK 2",
    "foto": 1993,
    "unlock": 589,
    "print": 635,
    "activeRatio": 0.9615384615384616,
    "weekendShare": 0.40161641280696303,
    "eveningPeakShare": 0.462117410938284,
    "hourProfile": [
      0,
      1,
      0,
      0,
      0,
      0,
      1,
      16,
      26,
      35,
      109,
      100,
      100,
      131,
      162,
      137,
      160,
      211,
      201,
      194,
      178,
      137,
      62,
      32
    ],
    "class": "keeper"
  },
  {
    "outlet": "Stuja Di Pantai",
    "foto": 1095,
    "unlock": 549,
    "print": 571,
    "activeRatio": 1,
    "weekendShare": 0.3422121896162528,
    "eveningPeakShare": 0.35342465753424657,
    "hourProfile": [
      0,
      0,
      0,
      0,
      1,
      18,
      54,
      49,
      78,
      72,
      52,
      42,
      51,
      47,
      78,
      61,
      88,
      90,
      83,
      78,
      56,
      80,
      17,
      0
    ],
    "class": "keeper"
  },
  {
    "outlet": "Kayumanis Seaside Sanur",
    "foto": 1274,
    "unlock": 256,
    "print": 276,
    "activeRatio": 1,
    "weekendShare": 0.37763012181616834,
    "eveningPeakShare": 0.4497645211930926,
    "hourProfile": [
      8,
      4,
      3,
      1,
      6,
      19,
      36,
      54,
      75,
      59,
      44,
      46,
      50,
      36,
      32,
      75,
      92,
      128,
      111,
      110,
      120,
      104,
      48,
      13
    ],
    "class": "monitor"
  },
  {
    "outlet": "Kembali Ke Alam Puncak",
    "foto": 2700,
    "unlock": 578,
    "print": 627,
    "activeRatio": 0.9615384615384616,
    "weekendShare": 0.32471190781049936,
    "eveningPeakShare": 0.2651851851851852,
    "hourProfile": [
      143,
      119,
      101,
      126,
      90,
      66,
      41,
      58,
      62,
      72,
      84,
      87,
      83,
      136,
      132,
      137,
      131,
      121,
      142,
      145,
      152,
      156,
      164,
      152
    ],
    "class": "keeper"
  },
  {
    "outlet": "Beachwalk Mall Kuta - Gate",
    "foto": 1533,
    "unlock": 301,
    "print": 326,
    "activeRatio": 1,
    "weekendShare": 0.3106481481481482,
    "eveningPeakShare": 0.5675146771037182,
    "hourProfile": [
      5,
      3,
      3,
      26,
      7,
      4,
      20,
      26,
      33,
      25,
      32,
      17,
      32,
      45,
      56,
      64,
      116,
      159,
      148,
      186,
      196,
      181,
      118,
      31
    ],
    "class": "monitor"
  },
  {
    "outlet": "Senayan Park 2",
    "foto": 1310,
    "unlock": 343,
    "print": 341,
    "activeRatio": 0.9615384615384616,
    "weekendShare": 0.46940822467402205,
    "eveningPeakShare": 0.6732824427480916,
    "hourProfile": [
      0,
      0,
      0,
      3,
      0,
      0,
      0,
      4,
      6,
      5,
      14,
      21,
      37,
      66,
      96,
      88,
      83,
      159,
      191,
      190,
      190,
      152,
      5,
      0
    ],
    "class": "keeper"
  },
  {
    "outlet": "Kopi Daong - Hutan Pinus",
    "foto": 920,
    "unlock": 249,
    "print": 283,
    "activeRatio": 0.9615384615384616,
    "weekendShare": 0.5289256198347108,
    "eveningPeakShare": 0.31521739130434784,
    "hourProfile": [
      0,
      0,
      0,
      0,
      0,
      0,
      0,
      5,
      10,
      29,
      32,
      47,
      78,
      74,
      110,
      114,
      129,
      129,
      63,
      48,
      38,
      12,
      2,
      0
    ],
    "class": "monitor"
  },
  {
    "outlet": "Museum Mandiri Jakarta",
    "foto": 538,
    "unlock": 85,
    "print": 93,
    "activeRatio": 0.9615384615384616,
    "weekendShare": 0.5963687150837989,
    "eveningPeakShare": 0.03717472118959108,
    "hourProfile": [
      0,
      0,
      0,
      0,
      0,
      0,
      0,
      3,
      7,
      23,
      78,
      87,
      77,
      82,
      89,
      44,
      25,
      9,
      5,
      4,
      1,
      1,
      3,
      0
    ],
    "class": "relocate-candidate"
  },
  {
    "outlet": "Taman Lapangan Banteng",
    "foto": 2886,
    "unlock": 322,
    "print": 331,
    "activeRatio": 1,
    "weekendShare": 0.4786662899124046,
    "eveningPeakShare": 0.40540540540540543,
    "hourProfile": [
      71,
      39,
      12,
      11,
      9,
      18,
      49,
      111,
      129,
      101,
      98,
      102,
      87,
      102,
      117,
      141,
      186,
      235,
      246,
      228,
      221,
      240,
      234,
      99
    ],
    "class": "optimize-conversion"
  },
  {
    "outlet": "Sacra | Stuja Ubud",
    "foto": 325,
    "unlock": 79,
    "print": 79,
    "activeRatio": 0.5384615384615384,
    "weekendShare": 0.33954451345755693,
    "eveningPeakShare": 0.38461538461538464,
    "hourProfile": [
      0,
      0,
      0,
      0,
      0,
      0,
      2,
      7,
      19,
      12,
      11,
      14,
      22,
      19,
      19,
      32,
      25,
      21,
      28,
      18,
      29,
      29,
      14,
      4
    ],
    "class": "monitor"
  },
  {
    "outlet": "Sarinah Kolam",
    "foto": 817,
    "unlock": 312,
    "print": 319,
    "activeRatio": 0.9615384615384616,
    "weekendShare": 0.45234806629834257,
    "eveningPeakShare": 0.5593635250917993,
    "hourProfile": [
      15,
      2,
      5,
      0,
      0,
      0,
      2,
      17,
      23,
      25,
      25,
      18,
      30,
      21,
      22,
      31,
      28,
      68,
      61,
      111,
      102,
      115,
      67,
      29
    ],
    "class": "monitor"
  },
  {
    "outlet": "Teras Samarinda",
    "foto": 3066,
    "unlock": 835,
    "print": 875,
    "activeRatio": 1,
    "weekendShare": 0.3458961474036851,
    "eveningPeakShare": 0.41226353555120676,
    "hourProfile": [
      181,
      117,
      70,
      30,
      14,
      68,
      87,
      92,
      106,
      64,
      59,
      48,
      39,
      64,
      66,
      111,
      215,
      241,
      243,
      252,
      294,
      234,
      184,
      187
    ],
    "class": "keeper"
  },
  {
    "outlet": "Sarinah Dewata",
    "foto": 801,
    "unlock": 238,
    "print": 244,
    "activeRatio": 0.9615384615384616,
    "weekendShare": 0.49649259547934527,
    "eveningPeakShare": 0.47440699126092384,
    "hourProfile": [
      15,
      2,
      1,
      0,
      1,
      0,
      6,
      19,
      31,
      41,
      27,
      20,
      24,
      32,
      44,
      49,
      76,
      78,
      81,
      85,
      60,
      76,
      30,
      3
    ],
    "class": "monitor"
  },
  {
    "outlet": "Ancol LB 2",
    "foto": 1572,
    "unlock": 241,
    "print": 265,
    "activeRatio": 0.9615384615384616,
    "weekendShare": 0.3719923002887392,
    "eveningPeakShare": 0.5267175572519084,
    "hourProfile": [
      10,
      1,
      1,
      0,
      0,
      10,
      35,
      49,
      54,
      34,
      60,
      58,
      63,
      58,
      44,
      62,
      107,
      153,
      247,
      194,
      156,
      78,
      75,
      23
    ],
    "class": "optimize-conversion"
  },
  {
    "outlet": "Ancol LB",
    "foto": 1790,
    "unlock": 294,
    "print": 303,
    "activeRatio": 0.9615384615384616,
    "weekendShare": 0.42940930037704234,
    "eveningPeakShare": 0.4798882681564246,
    "hourProfile": [
      13,
      1,
      0,
      0,
      0,
      12,
      61,
      53,
      45,
      44,
      57,
      81,
      64,
      62,
      101,
      104,
      139,
      208,
      193,
      179,
      153,
      126,
      65,
      29
    ],
    "class": "optimize-conversion"
  },
  {
    "outlet": "Flavor Bliss & Broadway Alam Sutera",
    "foto": 746,
    "unlock": 158,
    "print": 179,
    "activeRatio": 0.9230769230769231,
    "weekendShare": 0.4579870729455217,
    "eveningPeakShare": 0.631367292225201,
    "hourProfile": [
      2,
      1,
      1,
      0,
      0,
      0,
      0,
      6,
      10,
      14,
      20,
      10,
      16,
      25,
      37,
      31,
      51,
      53,
      71,
      100,
      113,
      134,
      48,
      3
    ],
    "class": "monitor"
  },
  {
    "outlet": "Zonablu x Gofit",
    "foto": 962,
    "unlock": 346,
    "print": 367,
    "activeRatio": 0.9615384615384616,
    "weekendShare": 0.4173134328358209,
    "eveningPeakShare": 0.6403326403326404,
    "hourProfile": [
      1,
      1,
      3,
      1,
      0,
      1,
      12,
      51,
      75,
      58,
      23,
      22,
      6,
      13,
      16,
      17,
      21,
      69,
      111,
      149,
      167,
      120,
      25,
      0
    ],
    "class": "monitor"
  },
  {
    "outlet": "Senayan Park",
    "foto": 785,
    "unlock": 147,
    "print": 159,
    "activeRatio": 0.9615384615384616,
    "weekendShare": 0.5527039413382218,
    "eveningPeakShare": 0.5337579617834395,
    "hourProfile": [
      7,
      3,
      3,
      3,
      3,
      3,
      4,
      12,
      14,
      18,
      20,
      14,
      16,
      27,
      32,
      46,
      55,
      94,
      97,
      87,
      64,
      77,
      61,
      25
    ],
    "class": "monitor"
  },
  {
    "outlet": "Vacation Hotel Sheraton",
    "foto": 10,
    "unlock": 0,
    "print": 0,
    "activeRatio": 0.23076923076923078,
    "weekendShare": 0,
    "eveningPeakShare": 0,
    "hourProfile": [
      0,
      0,
      0,
      0,
      0,
      0,
      0,
      0,
      0,
      0,
      2,
      3,
      0,
      0,
      1,
      1,
      3,
      0,
      0,
      0,
      0,
      0,
      0,
      0
    ],
    "class": "relocate-candidate"
  },
  {
    "outlet": "Omman Kopi Temanggung - Tugu Jogja",
    "foto": 355,
    "unlock": 140,
    "print": 155,
    "activeRatio": 0.5384615384615384,
    "weekendShare": 0.27692307692307694,
    "eveningPeakShare": 0.5154929577464789,
    "hourProfile": [
      1,
      9,
      2,
      6,
      6,
      4,
      8,
      8,
      11,
      7,
      14,
      11,
      7,
      3,
      8,
      5,
      7,
      13,
      36,
      50,
      53,
      31,
      35,
      20
    ],
    "class": "monitor"
  },
  {
    "outlet": "Batavia PIK",
    "foto": 1202,
    "unlock": 175,
    "print": 185,
    "activeRatio": 0.9615384615384616,
    "weekendShare": 0.4231754161331626,
    "eveningPeakShare": 0.5158069883527454,
    "hourProfile": [
      58,
      45,
      8,
      5,
      6,
      4,
      12,
      18,
      27,
      21,
      18,
      8,
      14,
      11,
      16,
      32,
      60,
      76,
      130,
      141,
      132,
      141,
      136,
      83
    ],
    "class": "optimize-conversion"
  },
  {
    "outlet": "Kuwa Koffie x Mulih Ka Uwa",
    "foto": 970,
    "unlock": 130,
    "print": 134,
    "activeRatio": 0.8846153846153846,
    "weekendShare": 0.3833063209076175,
    "eveningPeakShare": 0.4309278350515464,
    "hourProfile": [
      40,
      29,
      36,
      32,
      22,
      16,
      15,
      15,
      19,
      7,
      10,
      17,
      22,
      11,
      18,
      33,
      42,
      58,
      79,
      77,
      93,
      111,
      99,
      69
    ],
    "class": "monitor"
  },
  {
    "outlet": "Discovery Mall Icon",
    "foto": 989,
    "unlock": 217,
    "print": 230,
    "activeRatio": 0.9615384615384616,
    "weekendShare": 0.2966573816155989,
    "eveningPeakShare": 0.6804853387259858,
    "hourProfile": [
      7,
      1,
      2,
      0,
      0,
      3,
      8,
      15,
      21,
      23,
      22,
      29,
      23,
      19,
      25,
      46,
      49,
      160,
      175,
      154,
      136,
      48,
      15,
      8
    ],
    "class": "monitor"
  },
  {
    "outlet": "The Alana Hotel & Conference Center Sentul City",
    "foto": 248,
    "unlock": 48,
    "print": 55,
    "activeRatio": 0.9615384615384616,
    "weekendShare": 0.4472934472934473,
    "eveningPeakShare": 0.3225806451612903,
    "hourProfile": [
      0,
      3,
      0,
      0,
      0,
      0,
      4,
      13,
      11,
      18,
      20,
      17,
      9,
      11,
      13,
      24,
      14,
      24,
      9,
      20,
      23,
      4,
      5,
      6
    ],
    "class": "monitor"
  },
  {
    "outlet": "Beachwalk Vacation",
    "foto": 0,
    "unlock": 38,
    "print": 0,
    "activeRatio": 0.4230769230769231,
    "weekendShare": 0.5263157894736842,
    "eveningPeakShare": 0,
    "hourProfile": [
      0,
      0,
      0,
      0,
      0,
      0,
      0,
      0,
      0,
      0,
      0,
      0,
      0,
      0,
      0,
      0,
      0,
      0,
      0,
      0,
      0,
      0,
      0,
      0
    ],
    "class": "relocate-candidate"
  },
  {
    "outlet": "Hoolu Burger",
    "foto": 494,
    "unlock": 182,
    "print": 212,
    "activeRatio": 0.7692307692307693,
    "weekendShare": 0.356981981981982,
    "eveningPeakShare": 0.4068825910931174,
    "hourProfile": [
      33,
      24,
      18,
      2,
      9,
      7,
      2,
      3,
      4,
      17,
      11,
      9,
      7,
      13,
      19,
      11,
      19,
      21,
      26,
      43,
      38,
      73,
      50,
      35
    ],
    "class": "monitor"
  },
  {
    "outlet": "Florawisata D'Castello",
    "foto": 470,
    "unlock": 68,
    "print": 71,
    "activeRatio": 0.6923076923076923,
    "weekendShare": 0.6124794745484401,
    "eveningPeakShare": 0.06808510638297872,
    "hourProfile": [
      2,
      4,
      5,
      7,
      6,
      3,
      2,
      4,
      11,
      24,
      41,
      63,
      55,
      55,
      59,
      52,
      42,
      16,
      3,
      5,
      5,
      3,
      2,
      1
    ],
    "class": "relocate-candidate"
  },
  {
    "outlet": "Transjakarta - Halte CSW",
    "foto": 0,
    "unlock": 1,
    "print": 0,
    "activeRatio": 0.038461538461538464,
    "weekendShare": 1,
    "eveningPeakShare": 0,
    "hourProfile": [
      0,
      0,
      0,
      0,
      0,
      0,
      0,
      0,
      0,
      0,
      0,
      0,
      0,
      0,
      0,
      0,
      0,
      0,
      0,
      0,
      0,
      0,
      0,
      0
    ],
    "class": "relocate-candidate"
  },
  {
    "outlet": "Myloc Coffe & Cafe",
    "foto": 0,
    "unlock": 1,
    "print": 0,
    "activeRatio": 0.038461538461538464,
    "weekendShare": 1,
    "eveningPeakShare": 0,
    "hourProfile": [
      0,
      0,
      0,
      0,
      0,
      0,
      0,
      0,
      0,
      0,
      0,
      0,
      0,
      0,
      0,
      0,
      0,
      0,
      0,
      0,
      0,
      0,
      0,
      0
    ],
    "class": "relocate-candidate"
  },
  {
    "outlet": "HeHa Sky View - Sky Lolli",
    "foto": 276,
    "unlock": 28,
    "print": 34,
    "activeRatio": 0.38461538461538464,
    "weekendShare": 0.28106508875739644,
    "eveningPeakShare": 0.7282608695652174,
    "hourProfile": [
      0,
      0,
      0,
      0,
      0,
      0,
      0,
      3,
      10,
      5,
      14,
      5,
      7,
      9,
      7,
      4,
      10,
      21,
      66,
      51,
      55,
      8,
      1,
      0
    ],
    "class": "relocate-candidate"
  }
]