[
  {
    "outlet": "Omman Kopi Temanggung - Tugu Jogja",
    "foto": 348,
    "unlock": 138,
    "print": 153,
    "activeRatio": 0.52,
    "weekendShare": 0.28169014084507044,
    "eveningPeakShare": 0.5258620689655172,
    "hourProfile": [
      1,
      7,
      2,
      2,
      6,
      4,
      8,
      8,
      10,
      7,
      14,
      11,
      7,
      3,
      8,
      5,
      7,
      13,
      36,
      50,
      53,
      31,
      35,
      20
    ],
    "class": "monitor"
  },
  {
    "outlet": "Kembali Ke Alam Puncak",
    "foto": 2653,
    "unlock": 571,
    "print": 618,
    "activeRatio": 0.96,
    "weekendShare": 0.3300364393545029,
    "eveningPeakShare": 0.2698831511496419,
    "hourProfile": [
      134,
      117,
      98,
      116,
      86,
      66,
      40,
      56,
      61,
      72,
      83,
      84,
      81,
      133,
      128,
      136,
      131,
      121,
      142,
      145,
      152,
      156,
      164,
      151
    ],
    "class": "monitor"
  },
  {
    "outlet": "Kuwa Koffie x Mulih Ka Uwa",
    "foto": 963,
    "unlock": 128,
    "print": 132,
    "activeRatio": 0.92,
    "weekendShare": 0.38675388389206866,
    "eveningPeakShare": 0.43406022845275183,
    "hourProfile": [
      39,
      28,
      33,
      32,
      22,
      16,
      15,
      15,
      19,
      7,
      10,
      17,
      22,
      11,
      18,
      33,
      42,
      58,
      79,
      77,
      93,
      111,
      99,
      67
    ],
    "class": "optimize-conversion"
  },
  {
    "outlet": "Taman Lapangan Banteng",
    "foto": 2867,
    "unlock": 321,
    "print": 330,
    "activeRatio": 1,
    "weekendShare": 0.4815235929505401,
    "eveningPeakShare": 0.40809208231600974,
    "hourProfile": [
      70,
      39,
      12,
      11,
      9,
      18,
      48,
      111,
      123,
      99,
      95,
      102,
      85,
      101,
      114,
      141,
      186,
      235,
      246,
      228,
      221,
      240,
      234,
      99
    ],
    "class": "optimize-conversion"
  },
  {
    "outlet": "Taman Literasi Jakarta",
    "foto": 1695,
    "unlock": 214,
    "print": 224,
    "activeRatio": 1,
    "weekendShare": 0.42053445850914206,
    "eveningPeakShare": 0.3787610619469027,
    "hourProfile": [
      49,
      49,
      22,
      11,
      2,
      0,
      14,
      12,
      24,
      26,
      45,
      63,
      65,
      88,
      109,
      115,
      117,
      125,
      122,
      116,
      156,
      123,
      150,
      92
    ],
    "class": "optimize-conversion"
  },
  {
    "outlet": "Buy Local Creative Zone by JXB",
    "foto": 606,
    "unlock": 64,
    "print": 61,
    "activeRatio": 0.64,
    "weekendShare": 0.38303693570451436,
    "eveningPeakShare": 0.27722772277227725,
    "hourProfile": [
      71,
      65,
      42,
      5,
      9,
      11,
      5,
      6,
      20,
      13,
      14,
      9,
      8,
      16,
      12,
      19,
      16,
      20,
      16,
      21,
      45,
      66,
      55,
      42
    ],
    "class": "relocate-candidate"
  },
  {
    "outlet": "Batavia PIK",
    "foto": 1201,
    "unlock": 175,
    "print": 185,
    "activeRatio": 1,
    "weekendShare": 0.42344650864830236,
    "eveningPeakShare": 0.5162364696086594,
    "hourProfile": [
      58,
      45,
      8,
      4,
      6,
      4,
      12,
      18,
      27,
      21,
      18,
      8,
      14,
      11,
      16,
      32,
      60,
      76,
      130,
      141,
      132,
      141,
      136,
      83
    ],
    "class": "optimize-conversion"
  },
  {
    "outlet": "Mall Bali Icon",
    "foto": 1525,
    "unlock": 314,
    "print": 326,
    "activeRatio": 0.96,
    "weekendShare": 0.30577367205542727,
    "eveningPeakShare": 0.5449180327868852,
    "hourProfile": [
      3,
      0,
      1,
      1,
      1,
      11,
      13,
      10,
      25,
      33,
      54,
      46,
      56,
      47,
      92,
      111,
      155,
      216,
      163,
      188,
      180,
      84,
      30,
      5
    ],
    "class": "monitor"
  },
  {
    "outlet": "Sarinah Kolam",
    "foto": 810,
    "unlock": 310,
    "print": 317,
    "activeRatio": 0.96,
    "weekendShare": 0.4558107167710508,
    "eveningPeakShare": 0.5641975308641975,
    "hourProfile": [
      14,
      2,
      4,
      0,
      0,
      0,
      2,
      17,
      23,
      24,
      25,
      17,
      30,
      21,
      19,
      31,
      28,
      68,
      61,
      111,
      102,
      115,
      67,
      29
    ],
    "class": "monitor"
  },
  {
    "outlet": "Widi Coffee",
    "foto": 261,
    "unlock": 54,
    "print": 59,
    "activeRatio": 0.76,
    "weekendShare": 0.1497326203208556,
    "eveningPeakShare": 0.4521072796934866,
    "hourProfile": [
      0,
      0,
      0,
      1,
      0,
      0,
      0,
      5,
      15,
      9,
      11,
      17,
      10,
      6,
      9,
      11,
      27,
      18,
      22,
      21,
      23,
      34,
      22,
      0
    ],
    "class": "monitor"
  },
  {
    "outlet": "Carnavelo Velodrome",
    "foto": 1327,
    "unlock": 249,
    "print": 261,
    "activeRatio": 1,
    "weekendShare": 0.42732716385410996,
    "eveningPeakShare": 0.7219291635267521,
    "hourProfile": [
      3,
      5,
      3,
      4,
      0,
      2,
      12,
      27,
      58,
      36,
      10,
      20,
      12,
      12,
      24,
      16,
      47,
      129,
      190,
      202,
      242,
      195,
      74,
      4
    ],
    "class": "optimize-conversion"
  },
  {
    "outlet": "Beachwalk Mall Kuta - Gate",
    "foto": 1519,
    "unlock": 300,
    "print": 325,
    "activeRatio": 1,
    "weekendShare": 0.31296641791044777,
    "eveningPeakShare": 0.5727452271231073,
    "hourProfile": [
      5,
      3,
      3,
      26,
      7,
      4,
      19,
      26,
      33,
      24,
      30,
      16,
      31,
      42,
      52,
      63,
      116,
      159,
      148,
      186,
      196,
      181,
      118,
      31
    ],
    "class": "monitor"
  },
  {
    "outlet": "Flavor Bliss & Broadway Alam Sutera",
    "foto": 738,
    "unlock": 152,
    "print": 178,
    "activeRatio": 0.92,
    "weekendShare": 0.46441947565543074,
    "eveningPeakShare": 0.6382113821138211,
    "hourProfile": [
      2,
      1,
      1,
      0,
      0,
      0,
      0,
      6,
      10,
      14,
      13,
      10,
      16,
      24,
      37,
      31,
      51,
      53,
      71,
      100,
      113,
      134,
      48,
      3
    ],
    "class": "monitor"
  },
  {
    "outlet": "Teras Samarinda",
    "foto": 3015,
    "unlock": 832,
    "print": 872,
    "activeRatio": 1,
    "weekendShare": 0.3500741682559864,
    "eveningPeakShare": 0.4192371475953566,
    "hourProfile": [
      176,
      117,
      70,
      30,
      13,
      68,
      79,
      85,
      87,
      60,
      59,
      46,
      36,
      63,
      65,
      111,
      215,
      241,
      243,
      252,
      294,
      234,
      184,
      187
    ],
    "class": "keeper"
  },
  {
    "outlet": "Discovery Mall Icon",
    "foto": 989,
    "unlock": 217,
    "print": 230,
    "activeRatio": 1,
    "weekendShare": 0.2966573816155989,
    "eveningPeakShare": 0.6804853387259858,
    "hourProfile": [
      7,
      1,
      2,
      0,
      0,
      3,
      8,
      15,
      21,
      23,
      22,
      29,
      23,
      19,
      25,
      46,
      49,
      160,
      175,
      154,
      136,
      48,
      15,
      8
    ],
    "class": "keeper"
  },
  {
    "outlet": "Taman Ismail Marzuki",
    "foto": 1427,
    "unlock": 295,
    "print": 304,
    "activeRatio": 0.96,
    "weekendShare": 0.4570582428430405,
    "eveningPeakShare": 0.5017519271198319,
    "hourProfile": [
      0,
      1,
      0,
      1,
      0,
      3,
      4,
      30,
      30,
      34,
      35,
      51,
      75,
      80,
      92,
      110,
      128,
      140,
      168,
      144,
      147,
      117,
      36,
      1
    ],
    "class": "monitor"
  },
  {
    "outlet": "Senayan Park",
    "foto": 784,
    "unlock": 147,
    "print": 159,
    "activeRatio": 0.96,
    "weekendShare": 0.5532110091743119,
    "eveningPeakShare": 0.5344387755102041,
    "hourProfile": [
      7,
      3,
      3,
      3,
      3,
      3,
      4,
      12,
      14,
      18,
      20,
      13,
      16,
      27,
      32,
      46,
      55,
      94,
      97,
      87,
      64,
      77,
      61,
      25
    ],
    "class": "monitor"
  },
  {
    "outlet": "Lenovo MRT Bund. HI",
    "foto": 834,
    "unlock": 809,
    "print": 809,
    "activeRatio": 0.72,
    "weekendShare": 0.3266721044045677,
    "eveningPeakShare": 0.37170263788968827,
    "hourProfile": [
      0,
      0,
      7,
      14,
      0,
      0,
      0,
      14,
      21,
      49,
      37,
      51,
      48,
      60,
      69,
      99,
      54,
      54,
      56,
      68,
      78,
      54,
      1,
      0
    ],
    "class": "monitor"
  },
  {
    "outlet": "Aeon Deltamas - Entrance",
    "foto": 762,
    "unlock": 101,
    "print": 102,
    "activeRatio": 0.92,
    "weekendShare": 0.47772020725388603,
    "eveningPeakShare": 0.5761154855643045,
    "hourProfile": [
      0,
      0,
      0,
      0,
      0,
      0,
      0,
      4,
      13,
      16,
      16,
      22,
      31,
      43,
      45,
      39,
      56,
      82,
      92,
      91,
      73,
      101,
      38,
      0
    ],
    "class": "monitor"
  },
  {
    "outlet": "Ancol LB 2",
    "foto": 1522,
    "unlock": 241,
    "print": 265,
    "activeRatio": 0.96,
    "weekendShare": 0.381163708086785,
    "eveningPeakShare": 0.5440210249671484,
    "hourProfile": [
      10,
      1,
      1,
      0,
      0,
      10,
      34,
      48,
      52,
      32,
      60,
      37,
      47,
      58,
      37,
      62,
      107,
      153,
      247,
      194,
      156,
      78,
      75,
      23
    ],
    "class": "optimize-conversion"
  },
  {
    "outlet": "Sarinah Dewata",
    "foto": 793,
    "unlock": 236,
    "print": 242,
    "activeRatio": 0.96,
    "weekendShare": 0.5011801730920535,
    "eveningPeakShare": 0.4791929382093317,
    "hourProfile": [
      15,
      2,
      1,
      0,
      1,
      0,
      6,
      19,
      31,
      41,
      27,
      19,
      23,
      32,
      38,
      49,
      76,
      78,
      81,
      85,
      60,
      76,
      30,
      3
    ],
    "class": "monitor"
  },
  {
    "outlet": "Aloha - PIK 2",
    "foto": 1976,
    "unlock": 586,
    "print": 632,
    "activeRatio": 0.96,
    "weekendShare": 0.4045084533500313,
    "eveningPeakShare": 0.4660931174089069,
    "hourProfile": [
      0,
      1,
      0,
      0,
      0,
      0,
      1,
      16,
      26,
      35,
      109,
      98,
      96,
      127,
      157,
      135,
      160,
      211,
      201,
      194,
      178,
      137,
      62,
      32
    ],
    "class": "keeper"
  },
  {
    "outlet": "Sacra | Stuja Ubud",
    "foto": 319,
    "unlock": 78,
    "print": 78,
    "activeRatio": 0.52,
    "weekendShare": 0.3452631578947368,
    "eveningPeakShare": 0.39184952978056425,
    "hourProfile": [
      0,
      0,
      0,
      0,
      0,
      0,
      2,
      7,
      19,
      11,
      11,
      14,
      22,
      15,
      18,
      32,
      25,
      21,
      28,
      18,
      29,
      29,
      14,
      4
    ],
    "class": "monitor"
  },
  {
    "outlet": "Zonablu x Gofit",
    "foto": 959,
    "unlock": 344,
    "print": 365,
    "activeRatio": 0.96,
    "weekendShare": 0.41906474820143885,
    "eveningPeakShare": 0.6423357664233577,
    "hourProfile": [
      1,
      1,
      3,
      1,
      0,
      1,
      12,
      51,
      75,
      56,
      23,
      22,
      5,
      13,
      16,
      17,
      21,
      69,
      111,
      149,
      167,
      120,
      25,
      0
    ],
    "class": "monitor"
  },
  {
    "outlet": "Kopi Daong - Hutan Pinus",
    "foto": 911,
    "unlock": 246,
    "print": 280,
    "activeRatio": 0.96,
    "weekendShare": 0.534446764091858,
    "eveningPeakShare": 0.31833150384193193,
    "hourProfile": [
      0,
      0,
      0,
      0,
      0,
      0,
      0,
      5,
      10,
      29,
      32,
      47,
      74,
      71,
      109,
      113,
      129,
      129,
      63,
      48,
      38,
      12,
      2,
      0
    ],
    "class": "monitor"
  },
  {
    "outlet": "HeHa Waterfall",
    "foto": 755,
    "unlock": 141,
    "print": 155,
    "activeRatio": 0.96,
    "weekendShare": 0.39295908658420553,
    "eveningPeakShare": 0.28741721854304636,
    "hourProfile": [
      0,
      0,
      1,
      0,
      0,
      1,
      9,
      18,
      32,
      53,
      82,
      67,
      49,
      42,
      55,
      68,
      53,
      57,
      60,
      51,
      39,
      10,
      4,
      4
    ],
    "class": "monitor"
  },
  {
    "outlet": "Kayumanis Seaside Sanur",
    "foto": 1259,
    "unlock": 255,
    "print": 275,
    "activeRatio": 1,
    "weekendShare": 0.38121855785354947,
    "eveningPeakShare": 0.4551231135822081,
    "hourProfile": [
      8,
      4,
      3,
      1,
      5,
      19,
      35,
      53,
      74,
      58,
      41,
      45,
      48,
      35,
      30,
      74,
      92,
      128,
      111,
      110,
      120,
      104,
      48,
      13
    ],
    "class": "monitor"
  },
  {
    "outlet": "Ancol LB",
    "foto": 1759,
    "unlock": 290,
    "print": 299,
    "activeRatio": 0.96,
    "weekendShare": 0.436541737649063,
    "eveningPeakShare": 0.48834565093803295,
    "hourProfile": [
      10,
      1,
      0,
      0,
      0,
      11,
      57,
      52,
      45,
      44,
      48,
      78,
      62,
      56,
      99,
      104,
      139,
      208,
      193,
      179,
      153,
      126,
      65,
      29
    ],
    "class": "optimize-conversion"
  },
  {
    "outlet": "Senayan Park 2",
    "foto": 1303,
    "unlock": 342,
    "print": 340,
    "activeRatio": 0.96,
    "weekendShare": 0.47153652392947104,
    "eveningPeakShare": 0.6768994627782041,
    "hourProfile": [
      0,
      0,
      0,
      3,
      0,
      0,
      0,
      4,
      6,
      5,
      14,
      21,
      37,
      65,
      91,
      87,
      83,
      159,
      191,
      190,
      190,
      152,
      5,
      0
    ],
    "class": "keeper"
  },
  {
    "outlet": "Stuja Di Pantai",
    "foto": 1087,
    "unlock": 544,
    "print": 566,
    "activeRatio": 1,
    "weekendShare": 0.3450159308147474,
    "eveningPeakShare": 0.3560257589696412,
    "hourProfile": [
      0,
      0,
      0,
      0,
      1,
      18,
      54,
      48,
      77,
      71,
      52,
      42,
      50,
      46,
      76,
      60,
      88,
      90,
      83,
      78,
      56,
      80,
      17,
      0
    ],
    "class": "keeper"
  },
  {
    "outlet": "Museum Mandiri Jakarta",
    "foto": 506,
    "unlock": 82,
    "print": 90,
    "activeRatio": 0.96,
    "weekendShare": 0.6297935103244838,
    "eveningPeakShare": 0.039525691699604744,
    "hourProfile": [
      0,
      0,
      0,
      0,
      0,
      0,
      0,
      3,
      6,
      23,
      72,
      82,
      65,
      80,
      84,
      43,
      25,
      9,
      5,
      4,
      1,
      1,
      3,
      0
    ],
    "class": "relocate-candidate"
  },
  {
    "outlet": "HeHa Sky View - Love Lock",
    "foto": 997,
    "unlock": 228,
    "print": 253,
    "activeRatio": 0.88,
    "weekendShare": 0.4472259810554804,
    "eveningPeakShare": 0.5667001003009027,
    "hourProfile": [
      0,
      0,
      0,
      0,
      0,
      0,
      0,
      3,
      8,
      15,
      48,
      40,
      40,
      41,
      36,
      79,
      119,
      162,
      133,
      118,
      98,
      54,
      2,
      1
    ],
    "class": "keeper"
  },
  {
    "outlet": "JGC",
    "foto": 1602,
    "unlock": 136,
    "print": 148,
    "activeRatio": 0.96,
    "weekendShare": 0.4459172852598091,
    "eveningPeakShare": 0.6292134831460674,
    "hourProfile": [
      0,
      0,
      0,
      0,
      0,
      0,
      0,
      5,
      5,
      6,
      21,
      42,
      68,
      60,
      75,
      134,
      167,
      237,
      222,
      219,
      192,
      138,
      11,
      0
    ],
    "class": "optimize-conversion"
  },
  {
    "outlet": "The Keranjang Bali",
    "foto": 1021,
    "unlock": 334,
    "print": 373,
    "activeRatio": 0.96,
    "weekendShare": 0.32002314814814814,
    "eveningPeakShare": 0.24387855044074436,
    "hourProfile": [
      0,
      0,
      0,
      0,
      0,
      0,
      4,
      9,
      54,
      75,
      84,
      105,
      101,
      90,
      86,
      88,
      73,
      81,
      66,
      76,
      23,
      3,
      2,
      1
    ],
    "class": "keeper"
  },
  {
    "outlet": "The Alana Hotel & Conference Center Sentul City",
    "foto": 248,
    "unlock": 48,
    "print": 55,
    "activeRatio": 1,
    "weekendShare": 0.4472934472934473,
    "eveningPeakShare": 0.3225806451612903,
    "hourProfile": [
      0,
      3,
      0,
      0,
      0,
      0,
      4,
      13,
      11,
      18,
      20,
      17,
      9,
      11,
      13,
      24,
      14,
      24,
      9,
      20,
      23,
      4,
      5,
      6
    ],
    "class": "monitor"
  },
  {
    "outlet": "Vacation Hotel Sheraton",
    "foto": 9,
    "unlock": 0,
    "print": 0,
    "activeRatio": 0.2,
    "weekendShare": 0,
    "eveningPeakShare": 0,
    "hourProfile": [
      0,
      0,
      0,
      0,
      0,
      0,
      0,
      0,
      0,
      0,
      2,
      2,
      0,
      0,
      1,
      1,
      3,
      0,
      0,
      0,
      0,
      0,
      0,
      0
    ],
    "class": "relocate-candidate"
  },
  {
    "outlet": "Beachwalk Vacation",
    "foto": 0,
    "unlock": 38,
    "print": 0,
    "activeRatio": 0.44,
    "weekendShare": 0.5263157894736842,
    "eveningPeakShare": 0,
    "hourProfile": [
      0,
      0,
      0,
      0,
      0,
      0,
      0,
      0,
      0,
      0,
      0,
      0,
      0,
      0,
      0,
      0,
      0,
      0,
      0,
      0,
      0,
      0,
      0,
      0
    ],
    "class": "relocate-candidate"
  },
  {
    "outlet": "Kapal Api Indonesia Open (1)",
    "foto": 0,
    "unlock": 1,
    "print": 0,
    "activeRatio": 0.04,
    "weekendShare": 1,
    "eveningPeakShare": 0,
    "hourProfile": [
      0,
      0,
      0,
      0,
      0,
      0,
      0,
      0,
      0,
      0,
      0,
      0,
      0,
      0,
      0,
      0,
      0,
      0,
      0,
      0,
      0,
      0,
      0,
      0
    ],
    "class": "relocate-candidate"
  },
  {
    "outlet": "PKT Cup Bontang",
    "foto": 63,
    "unlock": 10,
    "print": 12,
    "activeRatio": 0.04,
    "weekendShare": 1,
    "eveningPeakShare": 0.7142857142857143,
    "hourProfile": [
      0,
      0,
      0,
      0,
      0,
      0,
      0,
      0,
      0,
      0,
      0,
      0,
      0,
      0,
      0,
      0,
      0,
      0,
      3,
      15,
      14,
      13,
      15,
      3
    ],
    "class": "relocate-candidate"
  },
  {
    "outlet": "MLD Spot",
    "foto": 286,
    "unlock": 389,
    "print": 389,
    "activeRatio": 0.16,
    "weekendShare": 0.9530075187969925,
    "eveningPeakShare": 0.6608391608391608,
    "hourProfile": [
      0,
      0,
      0,
      0,
      0,
      0,
      0,
      0,
      1,
      0,
      0,
      8,
      5,
      1,
      7,
      9,
      17,
      23,
      36,
      40,
      38,
      52,
      48,
      1
    ],
    "class": "check-uptime/ops"
  },
  {
    "outlet": "Hoolu Burger",
    "foto": 494,
    "unlock": 182,
    "print": 212,
    "activeRatio": 0.8,
    "weekendShare": 0.356981981981982,
    "eveningPeakShare": 0.4068825910931174,
    "hourProfile": [
      33,
      24,
      18,
      2,
      9,
      7,
      2,
      3,
      4,
      17,
      11,
      9,
      7,
      13,
      19,
      11,
      19,
      21,
      26,
      43,
      38,
      73,
      50,
      35
    ],
    "class": "monitor"
  },
  {
    "outlet": "9th IndonesiaNEXT",
    "foto": 93,
    "unlock": 150,
    "print": 150,
    "activeRatio": 0.08,
    "weekendShare": 0,
    "eveningPeakShare": 0.4838709677419355,
    "hourProfile": [
      0,
      0,
      2,
      5,
      0,
      0,
      0,
      4,
      1,
      2,
      4,
      4,
      11,
      5,
      5,
      3,
      0,
      2,
      14,
      15,
      3,
      11,
      0,
      2
    ],
    "class": "check-uptime/ops"
  },
  {
    "outlet": "Florawisata D'Castello",
    "foto": 470,
    "unlock": 68,
    "print": 71,
    "activeRatio": 0.72,
    "weekendShare": 0.6124794745484401,
    "eveningPeakShare": 0.06808510638297872,
    "hourProfile": [
      2,
      4,
      5,
      7,
      6,
      3,
      2,
      4,
      11,
      24,
      41,
      63,
      55,
      55,
      59,
      52,
      42,
      16,
      3,
      5,
      5,
      3,
      2,
      1
    ],
    "class": "relocate-candidate"
  },
  {
    "outlet": "Djarum Supersoccer Surabaya",
    "foto": 95,
    "unlock": 145,
    "print": 145,
    "activeRatio": 0.16,
    "weekendShare": 0.6545454545454545,
    "eveningPeakShare": 0.3894736842105263,
    "hourProfile": [
      0,
      0,
      0,
      0,
      0,
      0,
      0,
      3,
      6,
      2,
      2,
      5,
      7,
      4,
      5,
      5,
      1,
      6,
      10,
      10,
      6,
      5,
      15,
      3
    ],
    "class": "check-uptime/ops"
  },
  {
    "outlet": "Transjakarta - Halte CSW",
    "foto": 0,
    "unlock": 1,
    "print": 0,
    "activeRatio": 0.04,
    "weekendShare": 1,
    "eveningPeakShare": 0,
    "hourProfile": [
      0,
      0,
      0,
      0,
      0,
      0,
      0,
      0,
      0,
      0,
      0,
      0,
      0,
      0,
      0,
      0,
      0,
      0,
      0,
      0,
      0,
      0,
      0,
      0
    ],
    "class": "relocate-candidate"
  },
  {
    "outlet": "Myloc Coffe & Cafe",
    "foto": 0,
    "unlock": 1,
    "print": 0,
    "activeRatio": 0.04,
    "weekendShare": 1,
    "eveningPeakShare": 0,
    "hourProfile": [
      0,
      0,
      0,
      0,
      0,
      0,
      0,
      0,
      0,
      0,
      0,
      0,
      0,
      0,
      0,
      0,
      0,
      0,
      0,
      0,
      0,
      0,
      0,
      0
    ],
    "class": "relocate-candidate"
  },
  {
    "outlet": "Freelance",
    "foto": 36,
    "unlock": 7,
    "print": 7,
    "activeRatio": 0.2,
    "weekendShare": 0,
    "eveningPeakShare": 0.3611111111111111,
    "hourProfile": [
      0,
      0,
      0,
      0,
      0,
      0,
      0,
      0,
      0,
      2,
      0,
      0,
      0,
      0,
      2,
      9,
      10,
      7,
      6,
      0,
      0,
      0,
      0,
      0
    ],
    "class": "check-uptime/ops"
  },
  {
    "outlet": "HeHa Sky View - Sky Lolli",
    "foto": 276,
    "unlock": 28,
    "print": 34,
    "activeRatio": 0.4,
    "weekendShare": 0.28106508875739644,
    "eveningPeakShare": 0.7282608695652174,
    "hourProfile": [
      0,
      0,
      0,
      0,
      0,
      0,
      0,
      3,
      10,
      5,
      14,
      5,
      7,
      9,
      7,
      4,
      10,
      21,
      66,
      51,
      55,
      8,
      1,
      0
    ],
    "class": "relocate-candidate"
  },
  {
    "outlet": "IM3 - Pestapora 2025 (3)",
    "foto": 245,
    "unlock": 246,
    "print": 62,
    "activeRatio": 0.2,
    "weekendShare": 0.6003616636528029,
    "eveningPeakShare": 0.3551020408163265,
    "hourProfile": [
      0,
      0,
      0,
      0,
      0,
      0,
      0,
      3,
      6,
      12,
      33,
      21,
      9,
      18,
      20,
      24,
      12,
      19,
      15,
      20,
      22,
      11,
      0,
      0
    ],
    "class": "check-uptime/ops"
  },
  {
    "outlet": "IM3 - Pestapora 2025 (2)",
    "foto": 979,
    "unlock": 942,
    "print": 191,
    "activeRatio": 0.2,
    "weekendShare": 0.6235795454545454,
    "eveningPeakShare": 0.296220633299285,
    "hourProfile": [
      0,
      0,
      0,
      0,
      0,
      0,
      0,
      9,
      4,
      75,
      85,
      86,
      89,
      85,
      96,
      88,
      72,
      62,
      83,
      69,
      74,
      2,
      0,
      0
    ],
    "class": "keeper"
  },
  {
    "outlet": "IM3 - Pestapora 2025 (1)",
    "foto": 919,
    "unlock": 907,
    "print": 165,
    "activeRatio": 0.2,
    "weekendShare": 0.6705173279758915,
    "eveningPeakShare": 0.35473340587595215,
    "hourProfile": [
      0,
      0,
      0,
      0,
      0,
      0,
      0,
      8,
      0,
      71,
      83,
      37,
      59,
      85,
      102,
      75,
      73,
      71,
      70,
      95,
      86,
      4,
      0,
      0
    ],
    "class": "check-uptime/ops"
  }
]