[
  {
    "name": "The Keranjang Bali",
    "area": "",
    "venueType": "",
    "indoorOutdoor": ""
  },
  {
    "name": "Ancol LB",
    "area": "Jakarta",
    "venueType": "area-wisata-event",
    "indoorOutdoor": "outdoor",
    "venueParent": "area-wisata-event",
    "venueSubType": "wisata-theme-park"
  },
  {
    "name": "JGC",
    "area": "",
    "venueType": "",
    "indoorOutdoor": ""
  },
  {
    "name": "Beachwalk Mall Kuta - Gate",
    "area": "",
    "venueType": "",
    "indoorOutdoor": ""
  },
  {
    "name": "Buy Local Creative Zone by JXB",
    "area": "",
    "venueType": "",
    "indoorOutdoor": ""
  },
  {
    "name": "Kayumanis Seaside Sanur",
    "area": "",
    "venueType": "",
    "indoorOutdoor": ""
  },
  {
    "name": "Kembali Ke Alam Puncak",
    "area": "",
    "venueType": "",
    "indoorOutdoor": ""
  },
  {
    "name": "Stuja Di Pantai",
    "area": "",
    "venueType": "",
    "indoorOutdoor": ""
  },
  {
    "name": "Museum Mandiri Jakarta",
    "area": "",
    "venueType": "",
    "indoorOutdoor": ""
  },
  {
    "name": "Carnavelo Velodrome",
    "area": "",
    "venueType": "",
    "indoorOutdoor": ""
  },
  {
    "name": "Sacra | Stuja Ubud",
    "area": "",
    "venueType": "",
    "indoorOutdoor": ""
  },
  {
    "name": "Aeon Deltamas - Entrance",
    "area": "",
    "venueType": "",
    "indoorOutdoor": ""
  },
  {
    "name": "Lenovo MRT Bund. HI",
    "area": "",
    "venueType": "",
    "indoorOutdoor": ""
  },
  {
    "name": "The Alana Hotel & Conference Center Sentul City",
    "area": "",
    "venueType": "",
    "indoorOutdoor": ""
  },
  {
    "name": "HeHa Waterfall",
    "area": "",
    "venueType": "",
    "indoorOutdoor": ""
  },
  {
    "name": "Ancol LB 2",
    "area": "",
    "venueType": "",
    "indoorOutdoor": ""
  },
  {
    "name": "Mall Bali Icon",
    "area": "",
    "venueType": "",
    "indoorOutdoor": ""
  },
  {
    "name": "Taman Lapangan Banteng",
    "area": "",
    "venueType": "",
    "indoorOutdoor": ""
  },
  {
    "name": "Taman Ismail Marzuki",
    "area": "",
    "venueType": "",
    "indoorOutdoor": ""
  },
  {
    "name": "Senayan Park",
    "area": "",
    "venueType": "",
    "indoorOutdoor": ""
  },
  {
    "name": "Kopi Daong - Hutan Pinus",
    "area": "",
    "venueType": "",
    "indoorOutdoor": ""
  },
  {
    "name": "Discovery Mall Icon",
    "area": "",
    "venueType": "",
    "indoorOutdoor": ""
  },
  {
    "name": "Omman Kopi Temanggung - Tugu Jogja",
    "area": "",
    "venueType": "",
    "indoorOutdoor": ""
  },
  {
    "name": "Teras Samarinda",
    "area": "",
    "venueType": "",
    "indoorOutdoor": ""
  },
  {
    "name": "Zonablu x Gofit",
    "area": "",
    "venueType": "",
    "indoorOutdoor": ""
  },
  {
    "name": "Kuwa Koffie x Mulih Ka Uwa",
    "area": "",
    "venueType": "",
    "indoorOutdoor": ""
  },
  {
    "name": "Taman Literasi Jakarta",
    "area": "",
    "venueType": "",
    "indoorOutdoor": ""
  },
  {
    "name": "Batavia PIK",
    "area": "",
    "venueType": "",
    "indoorOutdoor": ""
  },
  {
    "name": "Flavor Bliss & Broadway Alam Sutera",
    "area": "",
    "venueType": "",
    "indoorOutdoor": ""
  },
  {
    "name": "Sarinah Kolam",
    "area": "",
    "venueType": "",
    "indoorOutdoor": ""
  },
  {
    "name": "Aloha - PIK 2",
    "area": "",
    "venueType": "",
    "indoorOutdoor": ""
  },
  {
    "name": "Senayan Park 2",
    "area": "",
    "venueType": "",
    "indoorOutdoor": ""
  },
  {
    "name": "HeHa Sky View - Love Lock",
    "area": "",
    "venueType": "",
    "indoorOutdoor": ""
  },
  {
    "name": "Sarinah Dewata",
    "area": "",
    "venueType": "",
    "indoorOutdoor": ""
  },
  {
    "name": "Widi Coffee",
    "area": "",
    "venueType": "",
    "indoorOutdoor": ""
  },
  {
    "name": "Vacation Hotel Sheraton",
    "area": "",
    "venueType": "",
    "indoorOutdoor": ""
  },
  {
    "name": "Beachwalk Vacation",
    "area": "",
    "venueType": "",
    "indoorOutdoor": ""
  },
  {
    "name": "Kapal Api Indonesia Open (1)",
    "area": "",
    "venueType": "",
    "indoorOutdoor": ""
  },
  {
    "name": "PKT Cup Bontang",
    "area": "",
    "venueType": "",
    "indoorOutdoor": ""
  },
  {
    "name": "MLD Spot",
    "area": "",
    "venueType": "",
    "indoorOutdoor": ""
  },
  {
    "name": "Hoolu Burger",
    "area": "",
    "venueType": "",
    "indoorOutdoor": ""
  },
  {
    "name": "9th IndonesiaNEXT",
    "area": "",
    "venueType": "",
    "indoorOutdoor": ""
  },
  {
    "name": "Florawisata D'Castello",
    "area": "",
    "venueType": "",
    "indoorOutdoor": ""
  },
  {
    "name": "Djarum Supersoccer Surabaya",
    "area": "",
    "venueType": "",
    "indoorOutdoor": ""
  },
  {
    "name": "Transjakarta - Halte CSW",
    "area": "",
    "venueType": "",
    "indoorOutdoor": ""
  },
  {
    "name": "Myloc Coffe & Cafe",
    "area": "",
    "venueType": "",
    "indoorOutdoor": ""
  },
  {
    "name": "Freelance",
    "area": "",
    "venueType": "",
    "indoorOutdoor": ""
  },
  {
    "name": "HeHa Sky View - Sky Lolli",
    "area": "",
    "venueType": "",
    "indoorOutdoor": ""
  },
  {
    "name": "IM3 - Pestapora 2025 (3)",
    "area": "",
    "venueType": "",
    "indoorOutdoor": ""
  },
  {
    "name": "IM3 - Pestapora 2025 (2)",
    "area": "",
    "venueType": "",
    "indoorOutdoor": ""
  },
  {
    "name": "IM3 - Pestapora 2025 (1)",
    "area": "",
    "venueType": "",
    "indoorOutdoor": ""
  }
]